task,method,seed,case_id,success,strict_success,final_error,angle_error,steps,planning_time_ms,total_cost,train_loss,val_multistep_error,koopman_open_loop_error,tube_cost,max_tube
unicycle,vanilla_mbd_true,0,case_0,True,True,0.07805289237817352,0.061352538253097055,79,476.06091175959267,3212.5728731155396,nan,nan,nan,nan,nan
unicycle,vanilla_mbd_true,0,case_1,True,False,0.09199665785376208,0.017836768443159734,180,477.8111278389891,1328.3799061775208,nan,nan,nan,nan,nan
unicycle,vanilla_mbd_true,0,case_2,True,True,0.0792934910120644,0.016352513085458487,65,478.30872610927776,2011.6022953987122,nan,nan,nan,nan,nan
unicycle,vanilla_mbd_true,0,case_3,True,True,0.04305950696919792,0.19714089637915144,63,480.76518361885394,2031.8202955722809,nan,nan,nan,nan,nan
unicycle,dk_mbd,0,case_0,False,False,4.671755249462631,1.5304444172358274,180,37.45034469498528,319809.0138244629,0.007854289625986265,0.007408690173178911,0.08218002648035845,nan,nan
unicycle,dk_mbd,0,case_1,False,False,5.370103428198483,0.9606930459518264,180,39.1346484163983,283832.9623260498,0.007854289625986265,0.007408690173178911,0.08218002648035845,nan,nan
unicycle,dk_mbd,0,case_2,False,False,1.9716084096245283,0.8066073314536761,180,37.20060755472837,27291.261848449707,0.007854289625986265,0.007408690173178911,0.08218002648035845,nan,nan
unicycle,dk_mbd,0,case_3,False,False,3.320931662274995,1.8556314445799895,180,36.0112538224914,227575.6724243164,0.007854289625986265,0.007408690173178911,0.08218002648035845,nan,nan
unicycle,bk_mbd,0,case_0,True,True,0.07906871744996932,0.06205089807632724,80,83.74366083880886,3336.8761118650436,5.706545450196315e-06,4.409671419125516e-06,0.0019864061367784753,0.6927369927763939,36.23250198364258
unicycle,bk_mbd,0,case_1,True,False,0.10033146322935627,0.020792017707098598,180,84.01043330086395,1373.9049088954926,5.706545450196315e-06,4.409671419125516e-06,0.0019864061367784753,0.08326344870196448,4.572400093078613
unicycle,bk_mbd,0,case_2,True,True,0.07926769983912191,0.004409516386736367,67,81.9433336111425,2053.475456595421,5.706545450196315e-06,4.409671419125516e-06,0.0019864061367784753,0.5440242551689718,25.93623924255371
unicycle,bk_mbd,0,case_3,True,True,0.05358637838483957,0.1947148071149165,65,85.83143243136314,2098.549024581909,5.706545450196315e-06,4.409671419125516e-06,0.0019864061367784753,0.6430446397341214,21.80240249633789
unicycle,vanilla_mbd_true,0,case_0,True,True,0.07805299990243478,0.06135245390045618,79,71.99339620191368,3212.569174051285,nan,nan,nan,nan,nan
unicycle,dk_mbd,0,case_0,False,False,4.671755249462631,1.5304444172358274,180,36.21732889441773,319809.0138244629,0.007854289625986265,0.007408690173178911,0.08218002648035845,nan,nan
unicycle,bk_mbd,0,case_0,True,True,0.07906871744996932,0.06205089807632724,80,90.12259604933206,3336.8761118650436,5.706545450196315e-06,4.409671419125516e-06,0.0019864061367784753,0.6927369927763939,36.23250198364258
unicycle,vanilla_mbd_true,0,case_0,True,True,0.07805299990243478,0.06135245390045618,79,73.31019162223969,3212.569174051285,nan,nan,nan,nan,nan
unicycle,dk_mbd,0,case_0,False,False,4.671755249462631,1.5304444172358274,180,38.9811925111442,319809.0138244629,0.007854289625986265,0.007408690173178911,0.08218002648035845,nan,nan
unicycle,bk_mbd,0,case_0,True,True,0.07906871744996932,0.06205089807632724,80,88.240617790143,3336.8761118650436,5.706545450196315e-06,4.409671419125516e-06,0.0019864061367784753,0.6927369927763939,36.23250198364258
unicycle,vanilla_mbd_true,0,case_1,True,True,0.07343708237490636,0.19131575663210132,50,75.91331294272095,993.5173397064209,nan,nan,nan,nan,nan
unicycle,dk_mbd,0,case_1,False,False,4.921857916577049,0.4411800224383029,180,37.79463403366713,239405.431350708,0.007854289625986265,0.007408690173178911,0.08218002648035845,nan,nan
unicycle,bk_mbd,0,case_1,True,True,0.07824732905905973,0.17870909614484587,52,86.01765329233156,1029.5210888385773,5.706545450196315e-06,4.409671419125516e-06,0.0019864061367784753,0.25402465050037093,10.001848220825195
unicycle,vanilla_mbd_true,0,case_2,True,True,0.07215523266859222,0.05538677169958195,65,70.40784203160841,1960.3631513118744,nan,nan,nan,nan,nan
unicycle,dk_mbd,0,case_2,False,False,0.5947832330445192,0.6622581055947867,180,34.907042605078054,19586.877002716064,0.007854289625986265,0.007408690173178911,0.08218002648035845,nan,nan
unicycle,bk_mbd,0,case_2,True,True,0.07272600005261766,0.04569971138919726,66,85.81850378929327,1998.7107136249542,5.706545450196315e-06,4.409671419125516e-06,0.0019864061367784753,0.658689646431894,32.331268310546875
unicycle,vanilla_mbd_true,0,case_3,True,True,0.043814567653925975,0.19684874171281663,61,73.30426939030285,1992.4477406740189,nan,nan,nan,nan,nan
unicycle,dk_mbd,0,case_3,False,False,1.7036731755549808,1.8412001098651434,180,38.71460334371982,165195.89553833008,0.007854289625986265,0.007408690173178911,0.08218002648035845,nan,nan
unicycle,bk_mbd,0,case_3,True,True,0.061813042273295385,0.19651564233758023,65,89.50225970922754,2089.332531929016,5.706545450196315e-06,4.409671419125516e-06,0.0019864061367784753,0.6991714542095477,30.968402862548828
unicycle,vanilla_mbd_true,1,case_0,True,True,0.07275512882746024,0.17730020900887222,67,72.70365017952759,3103.252895593643,nan,nan,nan,nan,nan
unicycle,dk_mbd,1,case_0,False,False,0.9708080189344822,2.3457923484104524,180,36.49485662786497,32468.575302124023,0.007947247905226855,0.007233983371406794,0.08122624593787364,nan,nan
unicycle,bk_mbd,1,case_0,True,True,0.07084465769962532,0.18748126155030098,67,87.9628152391915,3158.6763677597046,4.795346495274526e-06,4.381357484817272e-06,0.0019801325062342016,0.5730875018105579,19.287094116210938
unicycle,vanilla_mbd_true,1,case_1,True,False,0.09248790093077916,0.0444073546725674,180,72.04989224491227,1333.4081389904022,nan,nan,nan,nan,nan
unicycle,dk_mbd,1,case_1,False,False,2.4992952294448645,0.2902714053010911,180,38.688319572247565,79769.83169555664,0.007947247905226855,0.007233983371406794,0.08122624593787364,nan,nan
unicycle,bk_mbd,1,case_1,True,False,0.10148395772457786,0.04810695155111855,180,84.11768399463553,1370.93660902977,4.795346495274526e-06,4.381357484817272e-06,0.0019801325062342016,0.06989201884799534,3.1423797607421875
unicycle,vanilla_mbd_true,1,case_2,True,True,0.07901966677078531,0.057889527625686554,60,75.35303976619616,1933.6293170452118,nan,nan,nan,nan,nan
unicycle,dk_mbd,1,case_2,False,False,2.069024828849704,2.7821808902337644,180,37.88065529402552,74625.60684204102,0.007947247905226855,0.007233983371406794,0.08122624593787364,nan,nan
unicycle,bk_mbd,1,case_2,True,True,0.07944217564332517,0.07416657655567915,59,81.85738823534447,1971.462893486023,4.795346495274526e-06,4.381357484817272e-06,0.0019801325062342016,0.4565378798064539,13.101391792297363
unicycle,vanilla_mbd_true,1,case_3,True,True,0.07031339175080731,0.17824835987181586,57,76.86365614318403,1922.437220454216,nan,nan,nan,nan,nan
unicycle,dk_mbd,1,case_3,False,False,0.7920427069635408,1.3254106319265624,180,35.7490103937582,21772.22290802002,0.007947247905226855,0.007233983371406794,0.08122624593787364,nan,nan
unicycle,bk_mbd,1,case_3,True,True,0.07324790354104119,0.16672477848442568,58,88.19746589769834,1941.585468530655,4.795346495274526e-06,4.381357484817272e-06,0.0019801325062342016,0.4814699814648464,12.12877368927002
unicycle,vanilla_mbd_true,2,case_0,True,True,0.07887411959611464,0.01939007553897376,88,72.22751195447266,3137.0024185180664,nan,nan,nan,nan,nan
unicycle,dk_mbd,2,case_0,False,False,2.9660514741729194,1.661053127303628,180,36.831731466938635,76573.21864318848,0.007868187143825568,0.007556198164820671,0.0828864056312614,nan,nan
unicycle,bk_mbd,2,case_0,True,True,0.0789884968565408,0.018015088553717362,88,88.62907350042157,3278.848682641983,6.4083712039484035e-06,4.269880264473613e-06,0.0019595616101105297,0.9764788053794341,50.19807815551758
unicycle,vanilla_mbd_true,2,case_1,True,True,0.07921253534390027,0.04313229962492393,104,71.26227977837866,1129.4955847263336,nan,nan,nan,nan,nan
unicycle,dk_mbd,2,case_1,False,False,1.799381038182693,0.7541414047958952,180,37.44634524531042,50082.46759033203,0.007868187143825568,0.007556198164820671,0.0828864056312614,nan,nan
unicycle,bk_mbd,2,case_1,True,False,0.08390519009670035,0.03974602602094368,180,86.1547316178783,1364.6160287857056,6.4083712039484035e-06,4.269880264473613e-06,0.0019595616101105297,0.13234577374988132,9.604316711425781
unicycle,vanilla_mbd_true,2,case_2,True,True,0.07648691809115356,0.019234033827569608,64,76.45063954623765,2020.7624580860138,nan,nan,nan,nan,nan
unicycle,dk_mbd,2,case_2,False,False,1.343359778375476,0.5916330635226119,180,39.543955138004904,40933.14808654785,0.007868187143825568,0.007556198164820671,0.0828864056312614,nan,nan
unicycle,bk_mbd,2,case_2,True,True,0.07189056979365323,0.00573444735116313,67,91.98956255133805,2119.807944536209,6.4083712039484035e-06,4.269880264473613e-06,0.0019595616101105297,0.7351654754467866,34.423797607421875
unicycle,vanilla_mbd_true,2,case_3,True,True,0.07821472148784872,0.18969623357113363,58,78.63044610311245,1879.3597793579102,nan,nan,nan,nan,nan
unicycle,dk_mbd,2,case_3,False,False,1.375936721407014,0.7966439377361363,180,39.29431505578881,47670.03065490723,0.007868187143825568,0.007556198164820671,0.0828864056312614,nan,nan
unicycle,bk_mbd,2,case_3,True,True,0.07308651247376262,0.05605479381199174,65,87.29460561791292,2010.694444656372,6.4083712039484035e-06,4.269880264473613e-06,0.0019595616101105297,0.7851685321514421,29.335582733154297
unicycle,vanilla_mbd_true,3,case_0,True,True,0.07881601502905823,0.07978860605228766,71,72.79178186018072,3107.140177965164,nan,nan,nan,nan,nan
unicycle,dk_mbd,3,case_0,False,False,3.5069128836800836,3.109629645248771,180,37.0204671454202,101433.66998291016,0.007862047149011722,0.007457503583282232,0.0823534058066743,nan,nan
unicycle,bk_mbd,3,case_0,True,True,0.07774880458309834,0.09426609962684163,71,91.82632261965897,3204.710371851921,5.815660957663427e-06,4.338528469816083e-06,0.0019757383164965793,0.8587508313084993,36.7299690246582
unicycle,vanilla_mbd_true,3,case_1,True,True,0.0763161561182314,0.04022897303571016,55,71.85988961718976,1017.4996001720428,nan,nan,nan,nan,nan
unicycle,dk_mbd,3,case_1,False,False,1.2993569021898255,2.9326307336574935,180,41.70872944976307,38299.08979797363,0.007862047149011722,0.007457503583282232,0.0823534058066743,nan,nan
unicycle,bk_mbd,3,case_1,True,True,0.07705870751765889,0.05213264943716345,56,95.80164380271786,1036.4709866046906,5.815660957663427e-06,4.338528469816083e-06,0.0019757383164965793,0.20355749232428416,7.101622104644775
unicycle,vanilla_mbd_true,3,case_2,True,True,0.07028201301399505,0.05751362372648039,62,81.97585172620752,1948.2262521982193,nan,nan,nan,nan,nan
unicycle,dk_mbd,3,case_2,False,False,1.433457209364622,1.0139305895333255,180,36.78612212728088,47836.493171691895,0.007862047149011722,0.007457503583282232,0.0823534058066743,nan,nan
unicycle,bk_mbd,3,case_2,True,True,0.07556431073239356,0.036281900430770175,63,83.84479272977582,2012.0656731128693,5.815660957663427e-06,4.338528469816083e-06,0.0019757383164965793,0.6921991444390918,28.680749893188477
unicycle,vanilla_mbd_true,3,case_3,True,True,0.04112301824675135,0.1911686805773698,57,76.01658919041878,1952.8844604492188,nan,nan,nan,nan,nan
unicycle,dk_mbd,3,case_3,False,False,0.7898301883396596,0.5030602260315451,180,37.77299639380848,26391.725116729736,0.007862047149011722,0.007457503583282232,0.0823534058066743,nan,nan
unicycle,bk_mbd,3,case_3,True,True,0.049319077958954155,0.19307940457496642,58,83.32263898297117,2011.929102897644,5.815660957663427e-06,4.338528469816083e-06,0.0019757383164965793,0.6168225400612274,16.63241195678711
unicycle,vanilla_mbd_true,4,case_0,True,True,0.072508859490815,0.014558435415380266,72,81.06729833202229,3098.232055544853,nan,nan,nan,nan,nan
unicycle,dk_mbd,4,case_0,False,False,2.003338514774379,1.7450887280781409,180,40.18670934925063,67462.78594970703,0.007876247382507874,0.007449049968272448,0.0823627558983247,nan,nan
unicycle,bk_mbd,4,case_0,True,True,0.07685673232159543,0.039168996855349025,71,92.47260336423109,3128.1820813417435,5.233202920443056e-06,4.564647497318219e-06,0.0020164312881180376,0.5461013326510579,19.401199340820312
unicycle,vanilla_mbd_true,4,case_1,True,True,0.07136587756716804,0.016097410459038564,56,84.89102685624468,1003.2072060108185,nan,nan,nan,nan,nan
unicycle,dk_mbd,4,case_1,False,False,1.0592888400788392,0.1882591626451644,180,41.835283600570015,28279.109954833984,0.007876247382507874,0.007449049968272448,0.0823627558983247,nan,nan
unicycle,bk_mbd,4,case_1,True,True,0.0757183366267148,0.017717257045484214,56,89.86273265743095,1024.22510099411,5.233202920443056e-06,4.564647497318219e-06,0.0020164312881180376,0.160797124675342,2.951896905899048
unicycle,vanilla_mbd_true,4,case_2,True,True,0.07578969043119797,0.04536849699554235,66,72.63854375659403,1991.112263917923,nan,nan,nan,nan,nan
unicycle,dk_mbd,4,case_2,False,False,3.356003536522077,2.329800041384641,180,34.869480649164565,99404.74346923828,0.007876247382507874,0.007449049968272448,0.0823627558983247,nan,nan
unicycle,bk_mbd,4,case_2,True,True,0.0750098266195127,0.027599782235193437,66,87.8204400756989,2019.4465560913086,5.233202920443056e-06,4.564647497318219e-06,0.0020164312881180376,0.4364121890068054,17.353992462158203
unicycle,vanilla_mbd_true,4,case_3,True,True,0.04704801776661035,0.18127414795837993,57,76.72164891438003,1885.53979408741,nan,nan,nan,nan,nan
unicycle,dk_mbd,4,case_3,False,False,2.3857071783287958,2.732711937614523,180,38.21138912786005,50562.95135498047,0.007876247382507874,0.007449049968272448,0.0823627558983247,nan,nan
unicycle,bk_mbd,4,case_3,True,True,0.05238679099648432,0.19957646343553748,57,90.5137495464531,1930.2588558197021,5.233202920443056e-06,4.564647497318219e-06,0.0020164312881180376,0.46758191468422866,11.984020233154297
